"OTU1","OTU2","OTU3","OTU4","OTU5","OTU6","OTU7","OTU8","OTU9","OTU10","OTU11","OTU12","OTU13","OTU14","OTU15","OTU16","OTU17","OTU18","OTU19","OTU20","OTU21","OTU22","OTU23","OTU24","OTU25","group"
1.80517977462763,0.808875829390946,1.58843802460996,1.14602781358118,0.624948125765671,0.50166192577103,0.406943949132145,1.37988843598564,2.34045927119124,2.68668963740307,4.05456571074797,0.869842279078969,0.485880252530576,1.63103175676894,0.882310369381635,1.32895600717342,2.06306538191054,0.896768135355697,3.43074833822109,3.64306462659706,0.0823035667707473,0.97439595646725,0.522589707624025,1.48564582624681,3.12514351365918,"spp1"
0.106468940242987,2.00920658504091,1.76900095980035,0.662825310893159,1.14203885957596,1.17709234551219,1.03357373816678,0.174297870488352,1.59718629466625,0.701321814353906,2.45822606687354,0.666677270862916,1.68506682395281,0.713517448991682,0.429132112087925,2.50586529075867,2.26029199110528,3.16271947241224,1.18353513277906,0.336658037818122,3.74410397901325,0.953853515314697,2.72927919384243,0.22595099886601,0.359526953653732,"spp1"
1.69646231825229,0.100997818320347,4.51809655821395,1.57570212329178,2.97196140557654,0.740129142523084,0.554473560058262,3.49563948633687,4.33874789518904,1.90078325315277,0.136650501918882,2.26461655022116,2.73564014377703,1.46470784846402,1.33880893599344,3.1920063903536,0.250783538451331,3.62535386556398,1.9387765425482,2.12666765428755,1.26374538866955,0.484971862107518,2.71841961645118,1.37661851565577,0.953148339607257,"spp1"
2.31452973061998,1.55376579128577,1.9863291461623,1.44740457989081,2.97868007426651,1.61028132712216,1.41241170805869,0.617037492579014,2.07720618136774,2.83242097660857,2.10642940166499,1.24268880721491,0.830925865593961,4.86683736606114,0.327164178599229,2.09489508706634,1.73746592958272,1.86911049477134,1.20686037625751,0.433516516410398,0.915781603784659,1.49676919910902,1.66796015613706,4.49973278882652,1.81621207500586,"spp1"
1.00203417859991,4.81268271236852,1.08962677323994,2.12285493659954,3.03562684714963,1.48006167232928,0.189866332497217,2.54762761626866,0.418148324647596,0.325078832634875,1.70210992114313,2.10182440656015,0.215108090078931,4.47032954454162,0.723873044979171,0.134721220131828,0.853705159119779,0.954567912401496,0.238004968615074,0.879578883762038,1.49602717852632,1.58246313059059,0.947142145158413,0.262338657785034,2.63240481946309,"spp1"
3.18976365442313,0.147549058518416,1.59942970880798,0.1725660900754,0.366723279537766,2.04521228715421,0.666702174383216,1.71713564580708,0.544363188718386,3.20882324530326,2.00753879470836,0.830745331760397,2.62390907638985,3.38054053100486,0.671521188050881,1.3997195518825,1.64123432095048,0.150549564527515,1.19315092685925,0.0850399073670987,0.851294370432845,0.300544746911362,0.631716016826752,2.63065131092944,1.34233276742762,"spp1"
0.163813646540057,0.847764078641141,2.10160752232541,2.23046758560146,0.166212291915968,1.45827907140612,0.956244853738013,0.149545954110815,1.00430665796819,0.279458201720461,0.622879425439237,0.948159980421756,1.36898692900992,1.5825834997681,0.629720612971342,2.71991212363582,3.23932189664471,1.47800448676835,0.819685793065192,0.640061966329414,0.580484016956051,0.255847151131321,0.910310486101971,2.35429805692751,0.166225966865824,"spp1"
1.70736243339053,0.25335143420285,2.38618581138044,0.0989645630296418,2.18544001803884,2.3014405985265,0.109287244689065,0.527885627212366,0.384820580245399,0.0809687165049865,2.64285608971985,1.27956223517095,4.88836264375121,1.05554515570847,1.7299782450877,0.617553490955898,0.985671194893586,0.753594027319462,2.59848174453185,1.10641664264271,1.47716414646514,2.80011502764479,2.28373917424312,2.02692804424259,2.38183749465241,"spp1"
2.60918163913961,1.30436850510793,0.27488347200826,0.171228111731485,0.16515057790606,2.35942887301337,1.11281342627932,1.90926179324332,4.04377891468628,3.02109628174318,0.238631887368648,1.61764250935948,2.45223413602444,1.06046143867373,1.49636840969743,1.19079237828413,1.60547824581893,0.22401984550028,0.478169771991443,2.6946702010253,2.33504250841126,0.404097990233873,0.726976610818224,0.527747518586276,0.10323896551646,"spp1"
1.11928188347798,0.751447444568962,1.17574512611423,2.18839758190173,0.890494763289097,1.46295044610774,0.294138852951543,0.641607117291584,1.74394878525736,2.10984144211836,2.41328451191793,0.667332355168642,1.50249226161002,1.1044688536405,1.43802638565848,2.30825511419854,0.594849187532036,1.85278285892237,1.69629038533408,2.41194426303454,0.791839554236199,2.46363723336902,4.12847034478794,2.62053493735081,1.6416782331011,"spp1"
0.243533747635305,4.19554141559675,1.33180985181649,0.68802726816429,0.664330926034386,2.24794418933811,1.00922269743982,0.0375892671891488,0.676414631823546,0.440559379274312,0.621952689694246,1.72763083037221,1.13557966751551,2.9489737765213,4.14599682472901,0.638044829692144,0.813915972546231,1.22255657145883,2.41480131204513,1.79785287012788,1.16144429764914,2.01779845629144,0.826751854024822,0.743986995857981,0.442444081671023,"spp1"
0.186137754036525,2.27580880087974,2.58395457380338,1.3536311496976,1.56245787771935,0.216207274978441,2.02318719664085,1.77378805414123,3.55761403383332,1.26451363398728,0.712150030323935,1.42853602453069,0.0369714464239738,0.333027858943309,2.41544079836307,1.82697927090177,0.849466440133875,0.63570549616715,1.17150465122584,1.01166414450704,0.678750375057406,2.05731247646368,1.98877730746645,0.144387499556474,0.836245578367043,"spp1"
0.911100855160737,0.302967248492952,3.25747647754509,1.34550650999036,3.73968796371085,0.163340197898525,1.20210537353422,1.41466645972592,0.702206881002407,1.67291870191704,2.90656202961652,1.32889793351996,0.705105809852186,1.96891464626886,1.24019220990103,0.993502954501855,2.38264397796143,1.1901590928073,1.00269390157474,1.66868487324691,1.16908191063831,3.95017920837153,1.33435316565906,0.845302282869272,4.66892635812975,"spp1"
1.61168822807419,1.28510430146884,1.36978389506906,0.946671452358529,0.858295820577786,3.6811150918451,0.0636310964384996,1.83105152630954,1.18661965373233,1.16613493715616,1.29095550819173,0.977108138932939,0.916828950110562,0.0263085146940408,2.10873026173112,1.61820682889444,0.838440183473907,0.0352730101092305,2.93601681670442,1.43370681080087,3.31128137347736,3.4939333026386,1.18903121767469,1.50942441665284,2.88988942630164,"spp1"
2.35317046430287,3.17704391764801,1.41101393465045,0.364751167475461,3.4521770018963,1.14479463542275,1.19816679015138,0.0760511983047092,0.575767909285835,0.396913600667942,1.09559989981536,0.927955640305728,0.574957399554844,0.605292994460202,2.14032532039085,1.86366496885804,2.21083962207354,1.68845551417598,2.75494242103896,2.3520208065079,1.23116112753711,4.79957554415263,3.6414519477387,0.250458379287602,2.35184678625291,"spp1"
0.56280302910092,0.399035405328362,0.214350134309544,2.32060778041479,1.65644015438468,1.4234682460508,0.493734610884811,0.250080352348661,1.11672178040834,1.40530962239161,0.251522952991045,0.28650395646055,3.22903832324637,0.00464972166299438,2.93273919728798,0.707319378603636,2.40501358005287,2.78343767257917,1.34584406688197,1.64526452995311,1.02463416250922,2.53440860446052,1.38197077617831,0.0431198427127337,0.262341148977968,"spp1"
1.75985874245449,0.956681886985461,2.94543711001604,0.440393217261971,2.20648605629523,2.77644335462211,3.46148831823487,0.589917745757943,1.58861233326266,0.517205337813792,2.4187984593537,1.80660200734657,2.18530323796145,3.42635296708726,2.32558283017604,0.897930536502001,2.31320171286714,0.374904034177633,2.57138080403623,3.04252589034825,0.542647322253786,1.73193932697193,2.97710953968023,0.358497816026733,1.97274291556005,"spp1"
0.0460477196161646,1.33702411347972,3.40624097440726,3.09986076229362,1.83986284691086,2.47562794860758,2.31012501845085,2.19692985999015,1.01383780489628,1.76181324528421,1.3030819800237,3.6736877261807,3.61370947425329,0.400408763992825,3.39369707175416,1.07544709241844,0.558415332486546,0.651240136546728,0.558487730519136,2.55998031437986,1.59680744928786,0.649519393706439,3.78181402704999,1.0659726751887,1.3621199078097,"spp1"
0.748459534562409,2.38524704693518,3.60300994271148,1.53339195224829,1.14273155691727,0.638606064967861,3.98696295153098,0.510459738016133,0.84420917197907,0.678683210665705,2.82303406673508,0.647221501089999,1.34326212260675,1.66870709854102,0.680176275037707,0.365797914763587,1.01709260611004,0.432732155081636,0.227717085125907,0.844077999831012,4.1133619483703,0.684376209477921,1.61644864180213,0.0137026514023546,0.931407268333894,"spp1"
1.10722581168839,0.551367463727605,0.777773820097529,2.23048367199298,5.11433303338662,3.00610387371188,0.338117578252608,1.47644246982011,0.196482050651423,0.79656222907894,0.609018015217339,2.99986331355074,2.22273679667315,2.67460615537848,2.58441959367077,0.480502541614664,1.86157125136423,2.46747986822561,0.659442754165556,3.28864374590109,1.7767359662478,1.96113411787587,5.30674240519379,0.0507886805777207,0.740124892032929,"spp1"
1.69843756625629,1.33034546732228,1.25176535554585,2.01851147845416,2.68433834492693,1.04176036052199,0.917795774509997,2.62809381912335,2.77575702228755,3.47612969437403,3.13682818409503,0.201132772524383,1.6823427543629,0.512654129798229,0.866609493645073,3.85906101888493,2.12563824441103,6.28285588106792e-05,0.3240050682566,0.471128479808059,2.03602137276415,0.836986790855644,2.5485747359153,1.44689684988868,1.8296060254212,"spp1"
0.37795221748521,3.30633880968807,0.127354341888112,1.25924126825329,2.18391601740374,3.47457464675855,0.461705677063988,0.316353140471314,0.855488649654637,0.701596650211269,1.03272113364005,3.84720465564024,0.529447476550223,1.69870929718786,1.08480676276881,0.355384263521478,1.60382075683829,0.540254720254892,4.93289678698444,1.15133364507771,2.58960616953939,2.1442854513777,2.56315741869699,1.21446183258954,0.17567880307405,"spp1"
2.64091419151472,0.0816424331232208,1.27290480751319,1.52988667673437,0.108455228893427,0.0395846605645969,1.818353207517,2.01273714085032,1.88626824566014,1.05044160735039,2.24617604765366,0.0807716665473139,0.662330304491253,0.945492394018458,1.12720319252544,1.60742317241581,0.432581372764067,2.17839354363751,1.85663814538904,0.137905344035852,0.0794448598265729,0.821019099219116,2.61708474322282,0.211300121340836,1.1824599233318,"spp1"
1.87743513521291,1.79656076516678,0.119642013617379,2.20169808417012,0.337056083329824,1.42570819704176,0.154567104697624,1.40039651415733,2.57818537583274,0.007325988297608,2.43896648512496,0.391246398380188,0.803666142436192,1.92595579938632,4.16067048643053,1.53152412632019,4.36017430484107,0.80736988060401,0.117473068151025,2.47039457449723,3.37444949049005,0.156919718199044,2.39514392652599,0.400670627572778,2.2814629433169,"spp1"
1.01780669955342,0.0321823309756668,1.24539698853842,1.72240648492674,2.86941419691055,1.10424629212689,2.63947717570936,1.8644499796225,0.334149728856001,3.70014317271312,0.684518569042316,1.29008556759864,2.80000439332508,0.286940847840067,1.96859307028853,0.0486123720647823,1.10915316393454,1.1244087609666,1.02409797537045,0.436725669467813,2.10066683676132,0.708517929578952,0.6776669648456,1.60506843553361,0.850181129742327,"spp1"
3.24648042834267,2.77713826912448,0.111554637898797,0.553484526740309,0.443931840963627,4.28013549700343,2.01812025397207,2.21025030167277,1.23243895967915,0.261795153366402,1.53085114226511,2.13214136613694,1.88345234274969,1.97404641877541,0.638766422945172,2.13873215821648,3.07053424983293,0.816941552598949,0.902684872543881,0.288348834660814,0.520380005365964,1.03081483940059,0.0512042149514929,3.69509713295058,1.48184537946674,"spp1"
0.786958457073689,2.86440542391402,0.613402573243213,1.01624839161298,2.77587246354183,0.285508453716444,0.181644327583317,2.28519555446483,1.31022905755488,0.515959382695684,0.695173116731358,0.78911553113411,0.549628615937654,0.900941263077245,1.1882345553602,2.53802264289548,4.83592396807962,1.90218782448941,1.33916869339567,1.98650850796389,0.65539118777329,3.97585737846906,0.714865962360925,1.2208784761633,1.30161063186324,"spp1"
2.1221694425019,1.51888695065821,0.334701170535004,1.26890461421545,2.43220105767204,2.44709674311951,2.54004474957483,1.09728245332475,0.0221345333113265,2.13312827945108,1.17292649499298,1.32131890158501,2.89949889704249,0.978036990213269,6.18566389590785,1.16172664223245,1.45264320462496,3.20571221913478,0.39163756753958,1.12473735930194,0.196282475025116,1.9439722869877,0.913554999863295,1.38989988735855,1.57416915694904,"spp1"
2.95853087590314,0.901494456236766,2.83809218952175,1.9327862490881,1.67037184787914,0.100813786347773,1.51543065463278,0.261764540560388,2.05584422102817,0.885907062202242,1.76528722451319,2.04190925054027,1.36366707467671,1.58998729281791,0.204302349148387,0.917923382199422,0.594942371804808,1.59034324381614,2.28355651269397,1.76276863858293,1.9952531773937,4.40552303842589,1.65828787298517,1.81044383289222,2.14658745060742,"spp1"
0.466868186128928,0.873261265186259,1.27968432025801,1.19410940398524,0.0251296132886023,1.10672139348829,1.15892415054052,0.657534016023387,1.34311249533056,1.78756571210309,0.329298443737998,0.684021246941979,0.257620411254376,0.58801144062726,0.686577201872276,0.0809780963787684,0.882707452399563,0.449732425394465,0.156905551903798,2.09399283496114,2.13856307597799,2.40988609428071,0.266615467662231,0.390469217129579,2.03100247763013,"spp1"
1.53424470799876,0.954325191442075,0.0568303383759994,3.75881958265032,2.3448637231376,2.07311354997429,1.05924876165629,1.03947997252182,1.26445107163118,0.86125738402892,0.590252492482804,0.478509463150037,3.08188158752094,1.63654753408054,0.301072036939,1.2047887450946,0.663488564323266,0.11065418439348,1.05528170741416,0.11153116627282,0.446744040993023,0.64227344049085,0.0155972238542548,2.37107681743891,3.08031788426691,"spp1"
1.64087446948017,2.69775240521879,1.85321498040584,4.2601184291847,0.253625262420877,1.93538199941771,2.81013954146268,0.796973733125359,1.51264370290658,2.97868128013057,0.538970614608206,0.818176167190175,2.14054771204978,1.99869995523304,1.27294093094534,4.00458243368351,2.26038215596029,0.824463486118018,1.88007033794262,2.53701297692099,0.0856050326694995,1.62138426051099,1.11546680386361,0.108951382416952,4.20397236846853,"spp1"
1.19257936407594,0.359037258283114,3.01172299766103,5.87951198387432,0.0623289837949259,0.286632511821881,4.79798092860595,1.76728312024601,1.47393203553871,3.73667929539754,0.267945810342508,0.526456921297099,4.11744625165186,1.9305158769374,5.73731100066741,0.370414431894691,3.29645954746298,4.28767085759402,1.52350260819435,0.513487717141497,0.685915021359341,1.95641092007823,4.08778269661806,2.08895414511615,1.99202211130003,"spp2"
3.42454091170756,3.82831746785544,0.337875555436514,1.59640667017334,1.93285645632495,7.63216855204476,1.55615599962018,0.638251448353018,2.77866175628444,2.5519580227651,0.796432075816827,1.40283422969699,0.0696160219705231,0.250437245612629,0.992266133925967,4.11841374533231,3.05082489653271,3.2413271154579,0.506671870624885,2.85555135672585,0.97967911715178,1.35497285364366,0.767354276603122,0.59746398969292,0.812270875109804,"spp2"
2.45522987988018,1.91421404420485,3.0184122273076,1.88016359730362,2.20387826981042,0.947379424730934,1.70338345910298,2.34326301384908,2.17448841321047,2.58511736989236,1.15331038319904,0.0476728580056687,2.43699092455759,3.15666988093891,3.23450060544413,1.39829473509428,1.90224646405268,0.690862723773508,1.08993291952234,0.896259173454417,0.560017877779309,1.81170432326073,1.73325922255422,2.38473929348849,3.26304625556165,"spp2"
3.74245848116441,2.61478015232467,0.838993006556098,4.66876717066991,4.51349564071409,0.552693571367375,0.425635042053027,3.82993063662808,2.32521629113596,2.78713274598963,0.639409637529793,1.79976694821462,2.493598423742,3.45855526841931,3.69261567444594,0.652662837442518,1.09637412748555,3.58783673410299,4.62864133183887,1.29829276990629,4.71733153754006,6.89599601403046,4.56257225300893,1.10353162146895,1.55802838176166,"spp2"
0.763456944890696,5.273514698331,0.472872348415943,2.41434394843586,2.04027260552152,1.35728316267804,1.88535179230444,1.04876995157764,3.50783268376658,4.02414068151695,0.501183111073638,2.19026540891084,4.24530843251934,3.11620658789755,0.610126349530212,4.18252530060064,4.10118568823177,2.5020903508917,0.904744765556178,1.42897539275895,0.225090639910172,4.06749935290223,2.51032952490816,1.34298685486383,0.497200419096838,"spp2"
2.69822482435966,4.75088222464849,3.37227051059774,0.398944909031475,1.70236727728026,0.33841324305794,0.888694220121564,1.74960004262343,2.6693575462011,0.441828517472161,1.72449974610155,0.979288169796496,1.00728478530068,6.25442710498705,0.998561804070053,1.11572759477114,2.55402250332002,3.61010618724439,3.50325811318255,0.825627071263406,0.578728376446445,2.88258624968587,1.49917189537761,1.71077785972897,1.34729285618347,"spp2"
1.42195345907485,1.40978433858813,4.96440378145348,3.01696958321009,1.05918225051428,0.444806765153982,3.02796757289586,0.518618955619694,1.32463871866535,0.071785768844598,0.447496818866635,2.32906823521117,2.86893659626566,2.41499028143695,3.76584549925165,1.48204403466794,0.467571554420397,1.63228337890789,4.56791402094919,4.0807540386814,4.8416336271697,1.24965849387827,2.87274852438509,2.94460112438622,3.36463049027503,"spp2"
1.21143611524061,0.301650792733044,1.26966476969502,1.30698527319393,1.93081298840192,4.17822402183848,1.43019303689826,4.72934556294708,2.75392432828213,1.23040265540561,4.36749182455968,1.28122856366878,0.755179249207441,1.93417536762021,1.97855103068135,3.74086805968975,1.55863130549757,0.194279299864891,0.682636286790049,0.76076989458529,1.40315960532081,2.92515003317154,3.48300178417249,2.58535823683391,3.02019585645698,"spp2"
2.90632006705943,1.13430019766448,0.953535691239763,4.89310542186801,5.14269386995467,4.06205036333352,2.55704122120416,2.85202872523099,2.95890376248039,2.41926566612207,0.83623262626045,0.0329124826675984,2.84875758986868,4.21941616354027,4.58989159134061,1.09178362650033,2.3378693488719,1.71897208350327,1.15940344901192,2.1790264555255,1.92408474589081,4.53599317236475,0.0756434595155233,3.97811584039278,6.02258595969125,"spp2"
1.59970597456848,0.687513743165884,1.86843189626003,2.01091545317604,4.59085158166261,3.90511304925504,2.09198753332384,3.9965800461044,2.52761202720943,1.76335730830914,3.01633270408295,0.37497215201057,2.41841616487426,2.88492954429127,7.15453619239594,4.23254571648005,2.54647140613363,0.429028767787356,4.18915641568474,0.676768530327106,1.83789021497749,0.80337839256066,6.8272665429421,4.5220698729293,2.13847065309147,"spp2"
2.88880059384517,6.56393391145399,1.16923328918235,2.90390423347331,3.24672180380051,2.84729009114451,3.30544522680309,4.46934027979833,3.30958916573929,3.30589500555569,0.809091722203584,4.71423929369898,1.32074768755019,4.65754940189597,1.57915083271306,0.451564912207629,0.658503947893485,0.152793389876761,4.89572802625099,3.10254842293578,4.78932626441715,2.77564048953765,2.45370400713459,3.85102247223247,2.49791886542425,"spp2"
2.07642575410707,1.76286294055111,1.86079632727924,1.16998253641973,1.09200459872264,2.4340120649543,1.96590770144142,0.186434873049764,1.3184929181181,0.0876892432775405,4.55814516641867,1.67374202022957,0.591719325564086,1.31064827215988,2.55832163387926,5.35114431165366,4.04640351054825,2.51843589842876,3.89631860510362,2.38704969094044,0.95331663463194,1.67224481683494,3.07229795157145,3.7565008323697,0.0599272840090057,"spp2"
5.07465507099189,5.13162867411692,2.30366466071016,2.12742851479684,0.346905548726423,3.80951778739062,3.13679706173906,1.89440119695504,3.78514211927414,8.58103488663706,2.47614298312543,0.365599013564955,1.308037321691,0.297269292278485,1.99835482201494,1.03064828812993,1.09217718849048,1.98836457224001,0.124162386856394,2.40546976019405,2.2256633899663,1.5517480018934,5.98360382944115,3.73758654048831,6.11700173796269,"spp2"
3.08729724250967,3.84676007666167,1.94064339799602,1.07103620698339,2.27259039842032,0.155814680225908,4.75750933771462,2.95673229558806,3.27591273482176,5.52909199315097,3.63925627500748,3.56719081566713,1.32223266092522,2.28255196089138,0.481707171601553,0.856919224442346,1.34191605894692,3.80575282899821,2.3482717502123,2.86498285230643,1.66349959848779,1.72276996107822,0.186601527946622,4.80671579736105,1.13220130035347,"spp2"
3.1420176956282,0.852369345840304,0.170805854344753,1.61378592817066,3.64222371947481,0.258219085475537,4.39041294085153,2.8504709588822,2.89262603327619,6.42893063868025,3.26016195310325,3.69568553778695,5.58084841648608,6.5682329605232,0.0982018496256352,2.37769863011326,2.7056528128355,1.00079962036817,4.35516882761554,4.22583025523201,0.239574908867807,0.273252375555338,0.92889283541251,3.08100532183016,3.00053174483658,"spp2"
3.66819013132291,2.78344109571619,2.55489363406936,1.75276404200532,0.81796567109143,0.339782851346023,2.88059788393082,0.334792064527992,0.86778133420806,1.26619017873259,1.93732311334844,2.63896292508949,1.51641871469078,4.01518411966547,1.62232137679131,2.82861632821658,1.84626820313197,3.31302682115877,2.59605280061245,1.98517154247829,1.8761546847609,3.8806201798218,4.05634809479083,0.0703614210408663,4.44447340291281,"spp2"
3.79908950664208,1.67109382343949,2.89987357429241,0.136009735466569,0.203957593065005,3.25413748622997,0.712637788207921,2.39132900712008,0.981193089155473,2.91161039789175,3.79871135171343,2.21437763313416,1.84765865690564,2.95078486353021,0.181737523605235,1.59632391057999,0.102146452363116,5.24531959151361,4.73870337600605,2.42895875057015,3.0737120444631,2.73222876586344,4.24071005685221,4.04894972598646,3.25070304173326,"spp2"
1.69793684189591,2.25282483220063,1.44821905049898,1.91329446301249,0.211629057112652,4.22276081404938,2.02844539136129,1.66484393243224,0.00701751242692561,1.90590130669374,2.33180620315889,1.38488618080728,2.13013603898439,2.15328732718902,0.268042489510095,1.16980566070873,4.74610408996798,4.29251994652995,5.15570395758696,1.61928204481608,3.51908141247669,2.02192368559801,0.596989526318677,1.76045193756824,4.8469182573005,"spp2"
4.60274534565285,2.2249276251038,4.90025590266089,0.445366713166355,1.25119514869593,3.85109219699823,3.47337106250085,0.0209355954222488,3.33656523786703,5.20842436324777,1.11815032886755,4.762200661699,1.67840326450879,1.51483346458999,0.195803982921073,4.23092510687295,2.43387268828877,0.806980169430053,1.93468309528854,2.26001352280427,1.81255353247826,5.04828562035762,0.627951999813892,0.141141069780771,4.24234156129729,"spp2"
4.09565385295653,0.524389098779202,1.21925183598652,3.62655777925848,0.88471274536311,2.28131106344997,1.87997349333346,1.9724931670492,0.382489710075614,1.43318937003541,0.858192227339352,3.70371280658534,0.77852548464508,1.89639183599921,5.91812831235407,0.328001388294284,2.22324099639442,1.41103642729645,1.09183330413005,3.56655502060439,3.89558796143372,2.89753637846979,2.09610616810607,1.45174056529889,0.143493836319593,"spp2"
1.37705090908774,1.3681261375152,1.52186448109059,0.414776698484633,2.77085178964128,1.77521607732518,0.813195749998333,0.432694615783797,4.09572177959745,0.314220605168046,1.28003551863478,4.71367370455084,0.0110403276432176,1.32672116974119,5.70114340722124,2.33683549469401,0.263551905457553,2.66136112050389,4.1703377688525,4.20513039887217,1.99351774634928,5.16086367397184,2.04386212563676,4.17838447300411,5.06484724325168,"spp2"
2.75294978883177,2.74736960886089,5.26797931341722,6.95749160271418,3.45912072191539,0.769463367807044,3.65914795864224,1.4407401860388,0.696865670471672,0.127622703677481,3.45937838270407,1.36048943136675,0.365650068863776,3.66288250227662,5.53873183405402,3.67643877455698,1.0884578744422,1.11570980774463,3.82950448200551,0.969177600509268,1.59626511274985,0.227063977777486,4.65181668519849,2.61809329089364,3.1873303146354,"spp2"
1.73738577507459,0.82582876844228,3.17198322461162,0.200344437174383,0.12220816058834,2.4073279302323,1.6995812516646,2.50745261936792,0.202163483438464,0.89075909987434,1.24116840363796,1.63962502456708,5.38021394006112,4.16348369635823,2.84229434607467,2.66688826555424,2.41126012299309,0.427528160010574,2.44547137806994,0.261079098081268,6.09203770426563,3.27871298394103,2.34181264669809,3.22784592838737,0.0659361946621764,"spp2"
1.20167999275058,5.05976442498985,0.664264315652437,2.10010586383829,1.18406661936444,0.306888961815751,3.85732547769337,3.39065873824903,0.987276424154849,4.755351693612,4.75055060942499,1.68393858964328,1.41886422766982,4.55320323749154,0.279348517153877,2.5131189619105,0.184130601516307,3.97940441625874,5.17490827972909,4.06384511305215,0.266919919540655,3.11449149275788,2.96547801635167,0.345970887619136,0.117801842976903,"spp2"
3.77614740182411,2.42734903688213,4.28852541592371,0.483309165166909,5.4380836277036,2.84376938654738,2.94560084622217,1.29842721518724,3.14974576800496,1.45588546286681,0.4568891370245,1.89757417289229,4.02507438754785,3.09832176636256,5.9454071346749,1.98369569534893,3.0114002638612,1.66378495578006,5.52404180688573,0.0718927790108712,3.28693728103907,2.18178388097831,2.7631832453863,3.57535345071847,1.39081815370679,"spp2"
1.90480776604328,2.00152837272503,1.9642727577798,0.456997117798212,0.463352243020743,3.52530229265274,3.65570509023428,0.140571566430563,3.20271968776226,4.58613897204869,0.879516297738842,2.25407721269918,0.241356998582836,1.85916937218854,0.287437193193493,3.80173867949907,3.33057601809541,0.881426009444763,1.77427352114205,0.0672784267084223,1.32259603267139,4.48741403715782,2.85573297521929,4.97623985676632,4.73812413466716,"spp2"
2.10958556894519,1.01223379830953,4.99364341925604,0.157357725344708,4.25828879128325,2.99586598585879,1.09217253323762,3.70723133356614,1.0604247316898,3.8209807439911,2.71463902768597,1.50260416618963,1.33515431086655,2.40806195965979,0.782756763131743,1.36207475252355,5.2331552742939,3.32450859386928,1.07263397379253,0.352966546962592,0.449317103861288,1.60026553000374,3.3962716177172,0.985491131836734,1.98499443258056,"spp2"
3.61236971089458,2.33588196147292,1.43851989099199,0.669394408879688,3.07248563671605,2.61545358242124,0.353162772447553,3.37472822656303,2.38400074227786,0.24392969397388,2.47149806482809,0.796956102323815,2.66640995011556,0.976792555620838,1.13655250992425,0.946129357245359,2.24314462964091,1.91731940016514,5.42952598433352,2.52243600098348,4.32642908780472,4.82047844224915,1.37543861113096,2.24334060393371,1.40945658172581,"spp2"
0.87847515773787,2.07704719815069,2.87018091849667,3.13955793921166,0.254694481702984,1.13667779923614,0.489835244662639,1.77733625065606,3.32914090988883,4.73819969239715,4.42184076771401,0.834942452005984,2.49738013363311,2.51306971249879,1.37945806903991,5.58995591185353,0.502848937839052,0.1722364812227,3.93886879141852,1.95798492913259,1.06260796999557,6.54694582598945,3.52220497418978,2.24068105364511,0.648641422991572,"spp2"
0.584018153526628,0.351396368048316,5.19697509664949,1.64588210521136,2.35117669703468,0.0251577012090907,4.21367484133289,2.25993103203872,3.52261979078783,2.92238490842358,0.357482912941156,3.3669472419597,3.69939178216522,3.25865088310272,0.542433943120172,3.74733735921206,2.32416078782464,1.42075933278925,1.89080268927923,3.46819747299449,1.48898179490522,3.20807634121421,4.21803751093367,2.5001547072112,3.91216124285691,"spp2"
1.44404982968933,6.73011106400562,1.61487957791587,2.63285383350597,0.837133885671228,2.79734398498309,1.92811994041856,1.82830090847905,1.97615524126671,3.8151034120357,1.07902886804658,0.993320955368882,3.11040812372684,0.00292318799214808,1.7654185705703,0.345217720396019,4.11448042541936,4.19048876369694,0.42572881014061,4.43845529408615,0.0795650828070857,2.18962926864046,2.47387575825526,0.302442669887185,1.60036043113013,"spp2"
4.64213853444303,1.98630739365467,2.14452263817783,3.41066910648836,1.50069862366226,3.51915387378624,1.06040702971252,1.15115000653299,1.57233925647055,3.64722180524411,0.697576261279912,0.017206374937994,2.67908731980983,2.21299554440214,3.36151727603437,0.729353845564212,3.76446913563604,5.35304462389659,2.40029375054951,0.665315807647183,5.76567958477294,2.68231573684375,3.48238943903953,0.406462139377983,1.91330529130463,"spp2"
3.40549786202092,2.36164402142439,2.64152755116371,3.56887649056001,0.869684971915323,5.09911065479395,0.666691239755637,1.37708494918316,3.90993772222384,3.31960875378544,5.32304789069576,2.32752281369311,2.25229413819516,2.73675465706651,0.137287950358518,3.7649864207959,0.72861093773002,1.29681622224164,2.41957178086239,2.74869044651901,0.216655823636319,2.56720045160124,0.84676215157712,2.2836149184409,1.60820228786725,"spp2"
4.0990814259954,3.06175132630894,1.58110314345452,1.22672709104887,0.153583915946635,1.59827290353174,4.85019655493495,3.75286252995373,2.47319100372042,4.30089837276183,1.92996466542238,4.16591136159551,2.89721419541345,1.66984009325373,0.291145814171928,3.98695996424443,0.550993413505055,2.57986745779153,0.358026605760005,2.86735204119322,2.06905534264305,1.87988030958051,1.60076189889412,4.94862759943198,1.41968176038867,"spp2"
4.2267254347142,3.33750279887893,2.88276639670728,2.31874088232152,3.44935240529552,1.70042056041319,3.25792998503968,3.15717858321703,2.56462042909093,3.53601542743443,0.468001391942651,1.38431965362243,3.17511892699663,0.916821656756604,1.38548553402272,0.930766695603235,2.41915765778449,2.28979404855132,3.42969671189868,0.486037286107961,4.0482790133144,2.00241436787621,0.11921920598714,0.578038947697922,0.603666730759855,"spp2"
0.952746604227678,0.840438983333858,0.715995661906968,1.51271023272111,1.74644368041539,2.32903741701168,1.92121530005701,3.26850050741382,3.14735021652609,4.03751594468452,1.11564449697022,2.18727889991785,1.30594435438583,0.147285981502317,1.43864744057242,1.30651112646974,0.811644716751557,4.93962456374572,3.10828786513876,2.6718946637198,4.84115060975827,1.56177724639591,0.934130525353049,2.4192585557431,1.30629804896178,"spp2"
2.15388554170731,4.69553489548938,5.78619786020293,3.22448963906496,3.27873296292612,3.54536270734892,4.33655072964472,5.73645740714939,4.0515354155257,1.89370063049003,2.98196917148701,6.39043558044728,5.04524197718527,3.68066548406597,4.52114642715209,6.9015962431436,7.30247921101337,4.95479566430656,4.5424122911714,4.25292333878042,2.67210676179111,6.27200348427315,3.98368893278651,4.2776877395534,5.55165661080348,"spp3"
2.81227051011996,5.00433497919771,3.11510634247452,5.07255039144987,6.41819281553047,4.70421605568333,6.2231815779163,4.96181726971959,4.95486680569891,3.8046002787767,5.34732341178439,3.95941400525179,4.67953681653484,5.06028450075912,6.21494763408995,3.91422410237231,3.42084266524137,1.72038440116205,4.48466729052852,1.7763287811165,4.25535139354085,3.86299505966551,2.84852881545373,4.16228688501499,3.5691817547638,"spp3"
3.62172134206928,2.81178117418837,3.62720523813426,6.63418227974783,3.0241802867727,3.71418010394078,1.55083622823379,3.40475488616903,4.06915080497624,5.46804397403794,3.6585184829807,4.32771054315654,2.40287634284594,2.46104643524932,2.70109888437461,4.814884455685,3.92120689411954,4.278713076123,2.86780697133633,2.85802558671264,3.72696644956779,3.26084300591654,4.61736821487991,2.22010455157543,4.98849810538444,"spp3"
4.82140000664391,1.61393234794362,3.60080430704418,4.07061507365995,4.20546131068474,4.32038403566867,3.74430843935996,4.92286907993194,2.69084783702249,4.20943861382596,3.2645530881668,3.64984742974638,6.73852618227626,4.20174486827155,3.80171677244398,4.88842839220044,2.73065990039531,1.93963310949707,2.98534790883756,4.48605633556853,3.80448935529684,5.16811458806601,2.68616683791245,5.35862173086652,6.27647040750805,"spp3"
3.74194030774988,3.67053593418259,2.98615568355465,2.40336129483382,5.16658682105332,3.96555550944373,4.98839148517078,4.45529702228157,3.09353004008289,4.67575855175147,3.49481932401089,3.84385083098288,5.45673973991806,3.72264577283613,3.6308343368494,3.69094576555739,4.7684826791664,3.24645254320027,3.29031446193625,3.5462668764423,3.09286373487163,4.55955614674863,3.80110217269693,2.9553227752945,2.67069591497993,"spp3"
3.67951295908551,4.07280559488568,3.76297408033844,4.24960909766564,3.82305419642831,3.44593856622979,5.26314668698475,2.83269648060715,3.44631543833164,4.84221882770693,4.07993367260524,2.69118952274916,2.48478783947214,5.31891649672001,4.06541993932324,4.42005730334728,3.58442978549585,2.80063895080993,7.44986294718496,1.86653172626701,4.18774245264176,2.82170730613023,4.8005023319581,2.74015226747134,1.98027275419632,"spp3"
6.31829886384087,5.2444867835152,3.98600149988207,3.17912132584679,5.11307934318963,6.59663785404932,5.28750559613024,4.8848523282314,5.43427482115417,4.27975870729421,2.7937993951579,4.35373957842017,5.7316521592728,5.53250147517128,4.64044208945697,2.16296919192909,5.93468751866973,3.89393315618865,4.48661713648725,5.23152218003781,1.2229334995011,3.13387840631115,0.542429806343335,5.36138087161649,1.67721115375663,"spp3"
2.66693117801603,6.64504918460881,0.76751892430475,3.81936354165222,6.44413824624558,2.53794497567252,3.7724244332302,3.53485845881532,2.09638453351824,4.07697124641389,3.97319110200233,4.16518360927503,2.11738512276081,1.16813810207702,4.92767362697962,2.92380189935376,3.31526310593425,4.21843224162303,3.54611292008909,4.76862335543294,2.14016718737103,1.13497097784489,4.81801874805413,4.31441774434447,4.34321486469466,"spp3"
4.80409192731952,3.7936802848298,4.32197413213781,3.18871047995808,5.19257106200589,3.29465831434978,5.61548012852874,2.08567143110086,3.90646367142365,3.97138045288789,4.76944942583494,3.81759859085736,5.18753945757632,4.65113897043068,5.58797039415918,4.31569713034916,3.17423213646485,4.31135941305653,7.33373209079684,1.98431714594437,2.16110778283579,3.21736002860312,4.31754142662983,3.02571407862319,4.37289008016647,"spp3"
4.13245450873139,4.88828627162311,4.46226330420131,3.67755675471804,3.14815271843526,0.898469423836664,6.10421996173347,4.50055265152768,5.44934683540124,4.18834218505971,2.88354644539299,2.46192584483922,4.36280014912189,4.52168237655388,5.52186745714392,6.58329345059474,3.55045736721821,1.5259999297642,6.90628359915353,1.36118577919153,3.16834705120802,2.71776278783075,6.34882618624975,2.56149233143957,3.82954028764005,"spp3"
4.91390233369509,3.8420175966642,6.83942519690996,0.518386265932787,3.00082636756569,6.46427609112544,3.63942390411054,3.4655366937705,5.27169649038329,3.31708161494769,4.77311349455675,1.96164792951536,5.19901277401369,4.52334737803799,3.16045170313146,2.99501312166528,3.09004955706336,4.97944648382492,2.50626605621855,5.35407061722484,3.74445613089876,3.69906957154507,3.97936049777571,4.16299715409972,3.52071035683139,"spp3"
5.74066706811259,4.71413853291892,5.43905904804233,4.22683060064259,1.14455600456485,3.01014504473509,2.9129857541974,6.52893820095648,4.41253139823783,2.29325421883374,2.40290115803838,2.17117726840984,5.19211996446363,5.5198606098822,2.9049757501376,5.23681078940736,5.09540579709008,3.6087984049697,6.38834307681707,3.40644900687562,5.90242985468933,4.81060260139313,2.93782803582877,3.24935225160654,5.65964900737383,"spp3"
3.70280539076457,4.39687351112438,4.43315523693931,2.94131604027017,1.75573036997337,3.36917172907941,5.03211269014363,3.4697979142768,4.61010640080998,3.35530524029447,3.65789423064271,3.5739157273776,5.71318629696304,4.30134407347449,2.81309281011143,1.16708513443489,3.85819616104643,3.46317634229667,5.66467720457539,4.55621542873848,4.9700619847566,3.0144508575073,5.7730985423859,4.7172240886981,6.24965170856903,"spp3"
3.21043574281075,5.47910099082396,5.08458229497996,6.15116309720288,6.32734608468367,3.34341742141196,4.0484133794212,4.11556082529042,6.07335178004253,2.74966776520576,3.58895174486728,2.08555573218925,3.60485420070587,3.55216988176638,3.87909858483276,4.5404225966418,3.34630611246404,3.43778111287135,3.69576523304357,5.61853919320405,4.90561736308054,3.15352446758537,2.86905860750897,3.3452765577253,4.84543367883215,"spp3"
1.52551965461969,4.80728565247707,3.36112403837763,3.04766356642917,5.54571534068881,5.71035025300711,3.61193883693217,4.09858806510486,4.40567579408911,4.88672934576163,3.3171170555675,0.98573954343317,4.22445693915186,3.74150767166931,3.66984402623034,5.42086346516282,1.92612103756392,2.59907761062285,1.7153079149136,3.52884499709026,4.01237066020435,5.19029329349427,4.1616917464231,5.39910965536572,4.1178190203818,"spp3"
4.75420391353229,1.09253925445611,5.31666903166632,5.15635025645401,3.19100724845386,4.01705655547109,4.60814728385686,4.62767327203097,5.31003169194381,4.80294689672679,2.33197170035592,4.18729437566579,4.69507195287806,4.93760146832509,4.55276987953187,2.13770515621649,5.92183479724238,6.58601674994964,3.64317571642805,2.55072601153244,3.99338666410833,3.4287724265551,3.70307193520648,2.6437610972142,4.16119160069494,"spp3"
3.72194679549297,3.41924157248486,1.90864003490785,3.02835376240814,2.61023265414911,2.79209283576321,2.22213585792522,4.39739070216864,3.39678618264323,3.16849422113163,4.6918903516003,1.5325481449472,6.19018700063012,3.89904844618007,3.36556461015082,4.45529504735965,4.43959158278474,3.58743163058858,1.11902650757245,3.9674895244746,3.27422559567844,2.33183497728996,4.28665865790393,3.24471608362987,5.11468152243116,"spp3"
3.43809020096015,2.4491883739393,4.41468751865691,2.1755376800438,3.72228998246718,2.20942697980045,4.79277158500988,2.34761547220337,5.3963319804732,3.90317227791584,6.58064531759396,4.66451183471514,6.52627036580508,4.39269953295588,2.66505088012196,3.47208269758595,4.53475588279523,3.83257733152888,4.12196880235734,3.75674214394241,3.65823670379322,4.81959426963318,3.69843965632972,5.6548548808928,5.04891693635601,"spp3"
4.62638856851921,2.33711784022208,3.80169049471308,4.13230365423836,3.52087766826836,5.51764449261753,3.05255057640422,4.17810487971709,2.16772694226328,3.99238525245337,2.44206886864853,3.76799697880664,4.90319036322044,3.83098900733417,4.51612405631408,3.6185972343774,3.4420658000954,5.16441805135366,3.31095019254168,5.81210307885968,8.44742299086417,4.74312501463881,4.98444020664951,3.7815229940735,3.4913265076768,"spp3"
3.66027491311113,4.87341003542145,3.74438499981534,3.31788172383362,3.6951975401065,2.20257733002751,4.93219629468238,6.12701370256351,6.0407797372568,6.23534080386494,2.46778725487441,5.56811608032116,3.70279265308361,3.13738843780233,3.25725831291592,3.36555781005793,3.02279146432394,1.71974181500653,1.5724507230545,5.25441099239678,4.86641173104085,3.92576459074343,3.35406386828799,4.7468539066408,3.07595961623454,"spp3"
6.56052437265855,4.81347526072787,4.51680709784032,5.72174260746468,3.44921603170422,3.48118635367635,4.73723206366951,3.39565240613224,2.94797638228072,3.47470941395621,5.69645000778366,4.49199853629328,5.42152449947332,5.51856435534601,3.21079834510598,0.165166680431804,3.24324123088858,5.64384497373654,3.19802796649766,2.37459432173523,5.13059866818412,1.78110050730345,2.06138474331611,4.42432347331346,5.92244988350531,"spp3"
3.72100443631615,2.75287067033392,2.56900385922293,2.13461352686216,1.88027702756039,5.54157172992377,4.52957981112446,4.11859920813904,4.13437165940973,2.79642936161196,4.94313789889493,2.27250497603888,2.70915750421373,2.2091628167157,3.61101878091968,3.27343312079451,4.35514508814237,1.3231890021839,4.35900207703014,2.45640514868579,4.87288958451976,3.33956857800452,5.37925611237315,6.22871198483042,4.62300843665972,"spp3"
3.60569446062289,3.79037689170896,4.47918602642515,4.52343094090903,5.24833195991813,5.28487150934975,3.79452338137582,5.88986309698304,4.72120704888436,4.82514722427858,4.62758619112854,4.01911610161159,5.71196080231621,6.62963298161627,2.49746079913657,5.97584698083553,4.48346334662641,3.7753120255968,2.66893010624348,4.80095969628702,5.4373208210161,5.67831167339711,3.62736608805912,4.95561911850639,3.59034710071757,"spp3"
5.85537523983942,4.45829387130628,4.60003592195411,4.63101925690189,1.39434805620753,3.78028701662073,4.90574299602005,6.33572541230744,4.8183777995769,3.2472656113801,5.62857265596547,4.6621924944582,4.69379051086438,3.76011555225585,6.00458313602071,4.4677144605516,3.84118732105697,2.02932982961829,2.40773842996387,1.94426107713245,6.10154884685568,4.67355578595585,4.19055922184456,2.99400239760725,4.50296215996564,"spp3"
1.90448273602528,2.59469943424171,3.2525055347365,4.19991577650714,3.95136048227574,6.08203249150564,4.07099244637775,6.4340312732311,3.75141633953639,6.69997460900712,5.05654799405199,4.36188620201889,2.81786410195231,4.12910095494513,4.19085559054225,3.04446567427636,2.87403292015124,2.99098301708543,5.59170099567152,1.77822178071379,3.93145514831563,4.88026785213535,5.8075776001286,4.2807040680984,4.32925119449618,"spp3"
1.62042004284789,5.31043206799846,4.78319713257321,3.53463603365264,6.67118891786046,5.20576147078487,3.40299004149209,3.89238443422241,0.308810983018437,6.63630135218572,2.38705221215129,4.16559869079838,3.27025348616989,2.50315933301636,5.04116120949718,4.54317067340654,3.29330983950841,2.82628852763434,3.26559072565547,5.24898213748925,5.55723887528769,5.00944467200374,3.26150500613047,6.7998536473405,1.81799183263325,"spp3"
3.98330584290293,5.67024105957798,3.45198756879075,5.42809313374401,3.08655286743558,4.60326419666016,1.47708290984374,4.11866862012416,0.0678146488092279,4.39298804453581,3.38617889586216,5.47422670605657,7.3513254506911,5.60694191517638,4.14434987777772,4.75815707394695,6.16992153257369,3.67378205804565,3.51205762517937,4.47775160016709,3.55804226536848,3.53748676612637,3.22888025071384,3.82534761878726,4.5038603934531,"spp3"
6.05684239237159,3.77165729572214,5.00080856431597,3.82114654446222,3.30334629230041,4.94327819016578,4.76143860512902,4.18829205115194,2.58368844978116,3.91630352323099,1.87791649517685,3.47005120917113,5.18204237501058,4.79261285173544,1.7783688139804,7.37803730176884,0.206630921951637,3.81960817755488,3.23239594807475,3.92406793620128,4.5631066539574,3.26343157793385,6.59121524030641,4.76796201513115,4.77358979270448,"spp3"
