﻿Location,SampleDate,SampleYear,SampleMonth,Transect,NoDiad,DiadDens
Black Point,10/10/13,2013,10,2,0,0
Black Point,10/10/13,2013,10,4,0,0
Black Point,10/10/13,2013,10,6,2,4
Black Point,10/10/13,2013,10,8,0,0
Black Point,10/10/13,2013,10,10,2,4
Botany Bay,10/3/13,2013,10,2,0,0
Botany Bay,10/3/13,2013,10,4,0,0
Botany Bay,10/3/13,2013,10,6,0,0
Botany Bay,10/3/13,2013,10,8,0,0
Botany Bay,10/3/13,2013,10,10,0,0
Brewers Bay,10/10/13,2013,10,2,2,4
Brewers Bay,10/10/13,2013,10,4,3,6
Brewers Bay,10/10/13,2013,10,6,3,6
Brewers Bay,10/10/13,2013,10,8,0,0
Brewers Bay,10/10/13,2013,10,10,2,4
Buck Island STT,10/15/13,2013,10,2,0,0
Buck Island STT,10/15/13,2013,10,4,0,0
Buck Island STT,10/15/13,2013,10,6,0,0
Buck Island STT,10/15/13,2013,10,8,0,0
Buck Island STT,10/15/13,2013,10,10,0,0
Buck Island STX,8/13/13,2013,8,2,0,0
Buck Island STX,8/13/13,2013,8,4,0,0
Buck Island STX,8/13/13,2013,8,6,0,0
Buck Island STX,8/13/13,2013,8,8,0,0
Buck Island STX,8/13/13,2013,8,10,0,0
Cane Bay,8/12/13,2013,8,2,0,0
Cane Bay,8/12/13,2013,8,4,0,0
Cane Bay,8/12/13,2013,8,6,0,0
Cane Bay,8/12/13,2013,8,8,0,0
Cane Bay,8/12/13,2013,8,10,0,0
Cane Bay Deep,8/12/13,2013,8,2,0,0
Cane Bay Deep,8/12/13,2013,8,4,0,0
Cane Bay Deep,8/12/13,2013,8,6,0,0
Cane Bay Deep,8/12/13,2013,8,8,0,0
Cane Bay Deep,8/12/13,2013,8,10,0,0
Castle,8/15/13,2013,8,2,60,120
Castle,8/15/13,2013,8,4,0,0
Castle,8/15/13,2013,8,6,0,0
Castle,8/15/13,2013,8,8,9,18
Castle,8/15/13,2013,8,10,0,0
Coculus Rock,10/7/13,2013,10,2,0,0
Coculus Rock,10/7/13,2013,10,4,0,0
Coculus Rock,10/7/13,2013,10,6,7,14
Coculus Rock,10/7/13,2013,10,8,0,0
College Shoal East,10/13/13,2013,10,2,0,0
College Shoal East,10/13/13,2013,10,4,0,0
College Shoal East,10/13/13,2013,10,6,0,0
College Shoal East,10/13/13,2013,10,8,0,0
Coral Bay,1/20/14,2013,1,2,3,6
Coral Bay,1/20/14,2013,1,4,0,0
Coral Bay,1/20/14,2013,1,6,1,2
Coral Bay,1/20/14,2013,1,8,1,2
Coral Bay,1/20/14,2013,1,10,3,6
Eagle Ray,8/15/13,2013,8,2,0,0
Eagle Ray,8/15/13,2013,8,4,0,0
Eagle Ray,8/15/13,2013,8,6,0,0
Eagle Ray,8/15/13,2013,8,8,0,0
Eagle Ray,8/15/13,2013,8,10,0,0
Fish Bay,1/20/14,2013,1,2,1,2
Fish Bay,1/20/14,2013,1,4,1,2
Fish Bay,1/20/14,2013,1,6,0,0
Fish Bay,1/20/14,2013,1,8,0,0
Fish Bay,1/20/14,2013,1,10,0,0
Flat Cay,10/9/13,2013,10,2,0,0
Flat Cay,10/9/13,2013,10,4,0,0
Flat Cay,10/9/13,2013,10,6,0,0
Flat Cay,10/9/13,2013,10,8,0,0
Flat Cay,10/9/13,2013,10,10,0,0
Ginsburg Fringe,12/6/13,2013,12,2,0,0
Grammanik Tiger FSA,10/8/13,2013,10,2,0,0
Grammanik Tiger FSA,10/8/13,2013,10,4,0,0
Grammanik Tiger FSA,10/8/13,2013,10,6,0,0
Grammanik Tiger FSA,10/8/13,2013,10,8,0,0
Grammanik Tiger FSA,10/8/13,2013,10,10,0,0
Great Pond,8/14/13,2013,8,2,23,46
Great Pond,8/14/13,2013,8,4,23,46
Great Pond,8/14/13,2013,8,6,10,20
Great Pond,8/14/13,2013,8,8,3,6
Great Pond,8/14/13,2013,8,10,9,18
Great Pond,8/14/13,2013,8,12,14,28
Hind Bank East FSA,10/11/13,2013,10,2,0,0
Hind Bank East FSA,10/11/13,2013,10,4,0,0
Hind Bank East FSA,10/11/13,2013,10,6,0,0
Hind Bank East FSA,10/11/13,2013,10,8,0,0
Hind Bank East FSA,10/11/13,2013,10,10,0,0
Hind Bank East FSA,10/11/13,2013,10,12,0,0
Jacks Bay,8/14/13,2013,8,2,0,0
Jacks Bay,8/14/13,2013,8,4,0,0
Jacks Bay,8/14/13,2013,8,6,0,0
Jacks Bay,8/14/13,2013,8,8,0,0
Jacks Bay,8/14/13,2013,8,10,0,0
Jacks Bay,8/14/13,2013,8,12,0,0
Kings Corner,8/16/13,2013,8,2,0,0
Kings Corner,8/16/13,2013,8,4,0,0
Kings Corner,8/16/13,2013,8,6,0,0
Kings Corner,8/16/13,2013,8,8,0,0
Kings Corner,8/16/13,2013,8,10,0,0
Lang Bank EEMP,8/14/13,2013,8,2,0,0
Lang Bank EEMP,8/14/13,2013,8,4,0,0
Lang Bank EEMP,8/14/13,2013,8,6,0,0
Lang Bank EEMP,8/14/13,2013,8,8,0,0
Lang Bank EEMP,8/14/13,2013,8,10,0,0
Lang Bank Red Hind FSA,8/13/13,2013,8,2,0,0
Lang Bank Red Hind FSA,8/13/13,2013,8,4,0,0
Lang Bank Red Hind FSA,8/13/13,2013,8,6,0,0
Lang Bank Red Hind FSA,8/13/13,2013,8,8,0,0
Magens Bay,3/16/14,2013,3,2,1,2
Magens Bay,3/16/14,2013,3,4,0,0
Magens Bay,3/16/14,2013,3,6,1,2
Magens Bay,3/16/14,2013,3,8,0,0
Magens Bay,3/16/14,2013,3,10,5,10
Meri Shoal,10/15/13,2013,10,2,0,0
Meri Shoal,10/15/13,2013,10,4,0,0
Meri Shoal,10/15/13,2013,10,6,0,0
Meri Shoal,10/15/13,2013,10,8,0,0
Mutton Snapper FSA,8/16/13,2013,8,2,0,0
Mutton Snapper FSA,8/16/13,2013,8,4,0,0
Mutton Snapper FSA,8/16/13,2013,8,6,0,0
Mutton Snapper FSA,8/16/13,2013,8,8,0,0
Mutton Snapper FSA,8/16/13,2013,8,10,0,0
Salt River Deep,8/11/13,2013,8,2,0,0
Salt River Deep,8/11/13,2013,8,4,0,0
Salt River Deep,8/11/13,2013,8,6,0,0
Salt River Deep,8/11/13,2013,8,8,0,0
Salt River Deep,8/11/13,2013,8,10,0,0
Salt River West,8/11/13,2013,8,2,0,0
Salt River West,8/11/13,2013,8,4,0,0
Salt River West,8/11/13,2013,8,6,0,0
Salt River West,8/11/13,2013,8,8,0,0
Savana,10/3/13,2013,10,2,0,0
Savana,10/3/13,2013,10,4,0,0
Savana,10/3/13,2013,10,6,0,0
Savana,10/3/13,2013,10,8,0,0
Savana,10/3/13,2013,10,10,0,0
Seahorse Cottage Shoal,10/7/13,2013,10,2,0,0
Seahorse Cottage Shoal,10/7/13,2013,10,4,0,0
Seahorse Cottage Shoal,10/7/13,2013,10,6,0,0
Seahorse Cottage Shoal,10/7/13,2013,10,8,0,0
Seahorse Cottage Shoal,10/7/13,2013,10,10,0,0
South Capella,10/16/13,2013,10,2,0,0
South Capella,10/16/13,2013,10,4,0,0
South Capella,10/16/13,2013,10,6,0,0
South Capella,10/16/13,2013,10,8,0,0
South Capella,10/16/13,2013,10,10,0,0
South Water,11/21/13,2013,11,2,0,0
South Water,11/21/13,2013,11,4,0,0
South Water,11/21/13,2013,11,6,0,0
South Water,11/21/13,2013,11,8,0,0
Sprat Hole,8/16/13,2013,8,2,0,0
Sprat Hole,8/16/13,2013,8,4,0,0
Sprat Hole,8/16/13,2013,8,6,0,0
Sprat Hole,8/16/13,2013,8,8,0,0
Sprat Hole,8/16/13,2013,8,10,0,0
St James,10/15/13,2013,10,2,0,0
St James,10/15/13,2013,10,4,0,0
St James,10/15/13,2013,10,6,0,0
St James,10/15/13,2013,10,8,0,0
St James,10/15/13,2013,10,10,0,0
Black Point,9/26/14,2014,9,2,0,0
Black Point,9/26/14,2014,9,4,4,8
Black Point,9/26/14,2014,9,6,3,6
Black Point,9/26/14,2014,9,8,2,4
Black Point,9/26/14,2014,9,10,3,6
Botany Bay,11/20/14,2014,11,2,0,0
Botany Bay,11/20/14,2014,11,4,0,0
Botany Bay,11/20/14,2014,11,6,0,0
Botany Bay,11/20/14,2014,11,8,0,0
Brewers Bay,9/26/14,2014,9,2,0,0
Brewers Bay,9/26/14,2014,9,4,1,2
Brewers Bay,9/26/14,2014,9,6,3,6
Brewers Bay,9/26/14,2014,9,8,1,2
Buck Island STT,9/30/14,2014,9,2,0,0
Buck Island STT,9/30/14,2014,9,4,1,2
Buck Island STT,9/30/14,2014,9,6,0,0
Buck Island STT,9/30/14,2014,9,8,0,0
Buck Island STT,9/30/14,2014,9,10,1,2
Buck Island STX,12/9/14,2014,12,2,0,0
Buck Island STX,12/9/14,2014,12,4,0,0
Buck Island STX,12/9/14,2014,12,6,0,0
Cane Bay,10/12/14,2014,10,2,0,0
Cane Bay,10/12/14,2014,10,4,0,0
Cane Bay,10/12/14,2014,10,6,0,0
Cane Bay,10/12/14,2014,10,8,0,0
Cane Bay,10/12/14,2014,10,10,0,0
Cane Bay Deep,10/12/14,2014,10,2,0,0
Cane Bay Deep,10/12/14,2014,10,4,0,0
Cane Bay Deep,10/12/14,2014,10,6,0,0
Cane Bay Deep,10/12/14,2014,10,8,0,0
Cane Bay Deep,10/12/14,2014,10,10,0,0
Castle,12/9/14,2014,12,2,0,0
Castle,12/9/14,2014,12,4,2,4
Castle,12/9/14,2014,12,6,104,208
Castle,12/9/14,2014,12,8,10,20
Coculus Rock,10/30/14,2014,10,2,5,10
Coculus Rock,10/30/14,2014,10,4,3,6
Coculus Rock,10/30/14,2014,10,6,59,118
Coculus Rock,10/30/14,2014,10,8,0,0
Coculus Rock,10/30/14,2014,10,10,54,108
College Shoal East,9/2/14,2014,9,2,0,0
College Shoal East,9/2/14,2014,9,4,0,0
College Shoal East,9/2/14,2014,9,6,0,0
College Shoal East,9/2/14,2014,9,8,0,0
College Shoal East,9/2/14,2014,9,10,0,0
Coral Bay,12/8/14,2014,12,2,3,6
Coral Bay,12/8/14,2014,12,4,0,0
Coral Bay,12/8/14,2014,12,6,0,0
Eagle Ray,12/9/14,2014,12,2,0,0
Eagle Ray,12/9/14,2014,12,4,0,0
Eagle Ray,12/9/14,2014,12,6,0,0
Fish Bay,12/8/14,2014,12,2,0,0
Fish Bay,12/8/14,2014,12,4,0,0
Fish Bay,12/8/14,2014,12,6,0,0
Fish Bay,12/8/14,2014,12,8,0,0
Flat Cay,11/21/14,2014,11,2,0,0
Flat Cay,11/21/14,2014,11,4,0,0
Flat Cay,11/21/14,2014,11,6,0,0
Flat Cay,11/21/14,2014,11,8,0,0
Ginsburg Fringe,12/15/14,2014,12,2,0,0
Ginsburg Fringe,12/15/14,2014,12,4,0,0
Grammanik Tiger FSA,12/3/14,2014,12,2,0,0
Grammanik Tiger FSA,12/3/14,2014,12,4,0,0
Grammanik Tiger FSA,12/3/14,2014,12,6,0,0
Grammanik Tiger FSA,12/3/14,2014,12,8,0,0
Great Pond,10/10/14,2014,10,2,14,28
Great Pond,10/10/14,2014,10,4,1,2
Great Pond,10/10/14,2014,10,6,0,0
Great Pond,10/10/14,2014,10,8,2,4
Hind Bank East FSA,10/21/14,2014,10,2,0,0
Hind Bank East FSA,10/21/14,2014,10,4,0,0
Hind Bank East FSA,10/21/14,2014,10,6,0,0
Jacks Bay,10/11/14,2014,10,2,0,0
Jacks Bay,10/11/14,2014,10,4,0,0
Jacks Bay,10/11/14,2014,10,6,0,0
Jacks Bay,10/11/14,2014,10,8,0,0
Jacks Bay,10/11/14,2014,10,10,0,0
Kings Corner,10/21/14,2014,10,2,0,0
Kings Corner,10/21/14,2014,10,4,0,0
Kings Corner,10/21/14,2014,10,6,0,0
Kings Corner,10/21/14,2014,10,8,0,0
Kings Corner,10/21/14,2014,10,10,0,0
Lang Bank EEMP,10/10/14,2014,10,2,0,0
Lang Bank EEMP,10/10/14,2014,10,4,0,0
Lang Bank EEMP,10/10/14,2014,10,6,0,0
Lang Bank Red Hind FSA,10/11/14,2014,10,2,0,0
Lang Bank Red Hind FSA,10/11/14,2014,10,4,0,0
Lang Bank Red Hind FSA,10/11/14,2014,10,6,0,0
Magens Bay,11/20/14,2014,11,2,1,2
Magens Bay,11/20/14,2014,11,4,0,0
Magens Bay,11/20/14,2014,11,6,0,0
Magens Bay,11/20/14,2014,11,8,0,0
Meri Shoal,10/28/14,2014,10,2,0,0
Meri Shoal,10/28/14,2014,10,4,0,0
Meri Shoal,10/28/14,2014,10,6,0,0
Mutton Snapper FSA,9/21/14,2014,9,2,0,0
Mutton Snapper FSA,9/21/14,2014,9,4,0,0
Mutton Snapper FSA,9/21/14,2014,9,6,0,0
Mutton Snapper FSA,9/21/14,2014,9,8,0,0
Mutton Snapper FSA,9/21/14,2014,9,10,0,0
Salt River Deep,9/9/14,2014,9,2,0,0
Salt River Deep,9/9/14,2014,9,4,0,0
Salt River Deep,9/9/14,2014,9,6,0,0
Salt River Deep,9/9/14,2014,9,8,0,0
Salt River West,9/9/14,2014,9,2,0,0
Salt River West,9/9/14,2014,9,4,0,0
Salt River West,9/9/14,2014,9,6,0,0
Salt River West,9/9/14,2014,9,8,0,0
Salt River West,9/9/14,2014,9,10,0,0
Savana,12/1/14,2014,12,2,0,0
Savana,12/1/14,2014,12,4,0,0
Savana,12/1/14,2014,12,6,1,2
Savana,12/1/14,2014,12,8,0,0
Savana,12/1/14,2014,12,10,0,0
Seahorse Cottage Shoal,9/3/14,2014,9,2,0,0
Seahorse Cottage Shoal,9/3/14,2014,9,4,0,0
Seahorse Cottage Shoal,9/3/14,2014,9,6,0,0
South Capella,9/30/14,2014,9,2,0,0
South Capella,9/30/14,2014,9,4,0,0
South Capella,9/30/14,2014,9,6,0,0
South Water,11/21/14,2014,11,2,0,0
South Water,11/21/14,2014,11,4,0,0
South Water,11/21/14,2014,11,6,0,0
Sprat Hole,9/21/14,2014,9,2,0,0
Sprat Hole,9/21/14,2014,9,4,0,0
Sprat Hole,9/21/14,2014,9,6,0,0
Sprat Hole,9/21/14,2014,9,8,0,0
Sprat Hole,9/21/14,2014,9,10,0,0
St James,9/3/14,2014,9,2,0,0
St James,9/3/14,2014,9,4,0,0
St James,9/3/14,2014,9,6,0,0
St James,9/3/14,2014,9,8,0,0